{
  "Autism_Screening": {
    "FNN": {
      "cv_metrics": {
        "accuracy": 0.9786828774062816,
        "auc": 0.9984021323316161,
        "balanced_recall": 0.9803836539656674,
        "f2": 0.9747557823342904,
        "sensitivity": 0.9840682788051209,
        "specificity": 0.9766990291262136,
        "youden_j": 0.9607673079313346
      },
      "per_fold_thresholds": [
        0.35,
        0.35,
        0.35,
        0.35,
        0.35
      ],
      "threshold": 0.35,
      "threshold_std": 0.0
    },
    "LR": {
      "cv_metrics": {
        "accuracy": 1.0,
        "auc": 1.0,
        "balanced_recall": 1.0,
        "f2": 1.0,
        "sensitivity": 1.0,
        "specificity": 1.0,
        "youden_j": 1.0
      },
      "per_fold_thresholds": [
        0.5,
        0.5,
        0.5,
        0.5,
        0.5
      ],
      "threshold": 0.5,
      "threshold_std": 0.0
    },
    "RF": {
      "cv_metrics": {
        "accuracy": 0.95596757852077,
        "auc": 0.9932908892540983,
        "balanced_recall": 0.9413864298636911,
        "f2": 0.9128114862884841,
        "sensitivity": 0.9099573257467994,
        "specificity": 0.9728155339805825,
        "youden_j": 0.8827728597273821
      },
      "per_fold_thresholds": [
        0.5,
        0.5,
        0.5,
        0.5,
        0.5
      ],
      "threshold": 0.5,
      "threshold_std": 0.0
    }
  },
  "OASIS_Alzheimers": {
    "FNN": {
      "cv_metrics": {
        "accuracy": 0.7827747747747749,
        "auc": 0.8647555986487875,
        "balanced_recall": 0.8731119694481764,
        "f2": 0.8574848541179054,
        "sensitivity": 0.8642316017316016,
        "specificity": 0.881992337164751,
        "youden_j": 0.7462239388963527
      },
      "per_fold_thresholds": [
        0.7944458723068237,
        0.5696720480918884,
        0.658387303352356,
        0.21105752885341644,
        0.6955876350402832
      ],
      "threshold": 0.658387303352356,
      "threshold_std": 0.20077219301332064
    },
    "LR": {
      "cv_metrics": {
        "accuracy": 0.8015495495495497,
        "auc": 0.9116094678725599,
        "balanced_recall": 0.878971740348782,
        "f2": 0.8308048263022471,
        "sensitivity": 0.8288419913419913,
        "specificity": 0.9291014893555729,
        "youden_j": 0.7579434806975641
      },
      "per_fold_thresholds": [
        0.5751207991650181,
        0.4379266605277694,
        0.6594909990185076,
        0.30352551196722927,
        0.6609112751983194
      ],
      "threshold": 0.5751207991650181,
      "threshold_std": 0.13832991870555816
    },
    "RF": {
      "cv_metrics": {
        "accuracy": 0.8068828828828828,
        "auc": 0.8643331032444068,
        "balanced_recall": 0.8617850955759303,
        "f2": 0.7791744139285124,
        "sensitivity": 0.7621753246753247,
        "specificity": 0.9613948664765362,
        "youden_j": 0.7235701911518608
      },
      "per_fold_thresholds": [
        0.5899001623376622,
        0.440235505703349,
        0.6803452380952381,
        0.40294901930837396,
        0.4023768398268399
      ],
      "threshold": 0.440235505703349,
      "threshold_std": 0.11231869155241433
    }
  },
  "Parkinsons_Sakar": {
    "FNN": {
      "cv_metrics": {
        "accuracy": 0.7276862745098038,
        "auc": 0.8104900297882753,
        "balanced_recall": 0.8878527735880677,
        "f2": 0.8611350478677682,
        "sensitivity": 0.8395944360650243,
        "specificity": 0.9361111111111111,
        "youden_j": 0.7757055471761353
      },
      "per_fold_thresholds": [
        0.5918428897857666,
        0.7890447974205017,
        0.8790630102157593,
        0.9930121302604675,
        0.7206225395202637
      ],
      "threshold": 0.7890447974205017,
      "threshold_std": 0.1364663150197944
    },
    "LR": {
      "cv_metrics": {
        "accuracy": 0.7404444444444443,
        "auc": 0.8028552344341817,
        "balanced_recall": 0.8325695491871962,
        "f2": 0.8150792506286999,
        "sensitivity": 0.7901390983743924,
        "specificity": 0.875,
        "youden_j": 0.6651390983743924
      },
      "per_fold_thresholds": [
        0.448141890053759,
        0.672720887816157,
        0.7798594599518306,
        0.9467621925311772,
        0.507213906225316
      ],
      "threshold": 0.672720887816157,
      "threshold_std": 0.18132276955093007
    },
    "RF": {
      "cv_metrics": {
        "accuracy": 0.7300653594771243,
        "auc": 0.8328589214554126,
        "balanced_recall": 0.8549568459862578,
        "f2": 0.8223577628345021,
        "sensitivity": 0.7960248030836266,
        "specificity": 0.913888888888889,
        "youden_j": 0.7099136919725155
      },
      "per_fold_thresholds": [
        0.5043666104306281,
        0.7562666666666666,
        0.6058060552094718,
        0.7835620490620491,
        0.5979071910815607
      ],
      "threshold": 0.6058060552094718,
      "threshold_std": 0.1048869870240196
    }
  }
}